id,owner,group,item,model_or_spec,qty,unit,selection,source,status,release_check,supplier_candidate,procurement,received_measurements
CH-001,chassis,structure,Structural frame design set,"Two one-piece frame modules (D-033): front = front deck, battery tub walls and hatch bosses, both front rails, front crossmember, driver posts and fuse bracket; rear = rear deck, both rear rails and the rear skid crossmember; two keyed plate-and-cheek axle carriers join them (J04); battery hatch",1,set,Custom CAD,01-chassis/v1/cad/body_chassis_model.py,DESIGN,"Choose printer/material and module print orientation; junction coupons (rail to crossmember, crossmember to deck); calibrate J04 keys; validate carrier stiffness, deck coplanarity across the carriers and clearances",TBD,UNVERIFIED,
CH-002,chassis,nose,Printed caster and sensor mount pod,"Printed seat for the purchased three-hole caster flange (D-011): 6 mm seat with 3 caster inserts, constant-section nose for the sliding cap, cap snap slots, J10-8 cable slot, Hall-board slot (D-013), lid tongue groove and M2 lid boss; print seat face down",1,each,Custom CAD (D-011),01-chassis/v1/cad/body_chassis_model.py,DESIGN,Insert pull-out coupon; static/drop/threshold load tests at 2.55 kg,TBD,UNVERIFIED,
CH-003,chassis,nose,Ball pod sensor lid,"Printed lid; rear tongue in a forward-open pod groove under the shell band, front held by CH-062; slides forward to remove (D-011); print on its side",1,each,Custom CAD (D-011),01-chassis/v1/cad/body_chassis_model.py,DESIGN,Dry-fit and removal cycles,TBD,UNVERIFIED,
CH-004,chassis,wheels,Dished wheel rim and web,"PETG rim: six framed chamfered spokes with recessed slots, bevelled inner ring, hex hub on the D-007 interface (4 mm web, Ø10 H7 spigot bore, 3 x Ø3.4 at PCD 16), integral inboard tyre lip, 12 seat ribs (D-008)",2,each,Custom CAD,01-chassis/v1/cad/wheel/wheel_model.py,DESIGN,"Hub-to-stub joint (J03), print coupon, wheel runout",TBD,UNVERIFIED,
CH-005,chassis,wheels,Tyre,"Printed TPU 95A chevron tyre 84 OD x 19 wide, handed: one left and one right (mirror images, not interchangeable), rib-keyed, clamped by a 12-sided vented PETG ring with 6 screws (D-008, D-009)",2,each,Custom CAD,01-chassis/v1/cad/wheel/wheel_model.py,DESIGN,"Lab TPU capability, loaded radius, floor grip, stall creep, L/R OD match",TBD,UNVERIFIED,
CH-007,chassis,nose,Touch cap,"Printed cap sliding 3 mm on the pod nose, two 2.0 x 16.5 mm snap fingers with 0.8 mm hooks, stop on the pod face, Ø2.06 x 1 magnet pocket (D-011, D-013); print nose face down",1,each,"Custom CAD (D-011, D-013)",01-chassis/v1/cad/body_chassis_model.py,DESIGN,Snap-finger fatigue and removal cycles,TBD,UNVERIFIED,
CH-008,chassis,rear,Rear skid and TCRT keel,"Faceted printed body: sensor flat 19 mm wide with belly at Z 12, TCRT pocket open below, open-top breakout cavity behind the crossmember, dovetail shoe groove, O6.5 counterbores for CH-034 (D-014)",1,each,Custom CAD,01-chassis/v1/cad/body_chassis_model.py,DESIGN,"Print orientation, supports and material (PETG candidate); print-proof the pocket and cavity walls",TBD,UNVERIFIED,
CH-009,chassis,rear,Replaceable wear shoe,"12 x 10 x 2.5 mm with a 2.5 mm dovetail tongue; slides in from the front, held by one CH-070 screw across the tongue (D-014). Recommended material PETG (D-017); optional later upgrade: UHMW-PE tape on the sole, with the shoe thinned by the tape thickness",1,each,Custom CAD,01-chassis/v1/cad/body_chassis_model.py,DESIGN,Print in PETG; retention and abrasion test on the real floors,TBD,UNVERIFIED,
CH-010,chassis,rear,TCRT bezel with guard lips,Printed 1.5 mm bezel carrying both guard lips (Z 7.0-8.5) and a moulded O1.8 locating pin; holds the TCRT on 0.6 mm end ledges; one CH-069 screw through the CH-068 shims (D-014; was two loose guards),1,each,Custom CAD,01-chassis/v1/cad/body_chassis_model.py,DESIGN,"Print in PETG (D-017); floor-strike, snag and optical-field test",TBD,UNVERIFIED,
CH-011,chassis,battery,Battery tub bottom hatch,"Printed 1.5 mm bottom hatch, X 21-75; four Ø3.4 holes for CH-076 into the tub-boss inserts; four 10.4 x 11 mm slots for the two CH-078 pack straps (D-028, D-030)",1,each,Custom CAD; retention defined by D-030,01-chassis/v1/cad/body_chassis_model.py,DESIGN,"Hatch carries the strapped pack as one cartridge: inversion/shock retention, slot edges intact, drop-out path clear (check_frame_fasteners.py)",TBD,UNVERIFIED,
CH-012,chassis,axle,Stub shaft,"Turned EN8/C45: Ø8 k5 bearing seats at |Y| 76.51-86.51, Ø4.05 H8 D-shaft bore 9 mm deep, M3 radial tapped hole at |Y| 74.8 on the flat, Ø9.5 shoulder, Ø24 x 2 flange with 3 x M3 tapped at PCD 16, Ø10 g6 wheel spigot with an axial M3 tapped hole, 8 mm thread and 9.5 mm drill, for the hub-cap screw (D-033); 23 mm long (D-007/D-012)",2,each,Custom turned (D-007/D-012),01-chassis/v1/axle-stack.md,DESIGN,"Drawing and shop quote; check 0.46 mm tap-drill to bearing edge, seat/spigot concentricity and axle rig",Local turning shop (quote needed),UNVERIFIED,
CH-013,chassis,mass,Ballast bar,Steel 9 x 60 x 19 mm with two M3 tapped holes,1,each,Custom machined,01-chassis/v1/cad/body_chassis_model.py,DESIGN,Measure mass and recheck loaded CoM,TBD,UNVERIFIED,
CH-014,chassis,drive,Encoder gearmotor,ThinkRobotics MOT3001-6V230RPM 25 mm JGA25-370 6 V metal gearmotor with 11 PPR Hall encoder (about 26:1),2,each,Build choice with reduced drive envelope (decisions.md D-003),decisions.md#d-003,SELECTED,"Received motor fit/encoder and load tests set reduced drive limits; motor-interface fabrication/test release pending, procurement permitted","ThinkRobotics (INR 1179.99, listed in stock 2026-09-28)",NOT_ORDERED; exact6V230RPMvariant selected; supplier check2026-09-28,
CH-015,chassis,axle,Bearing,"OnlyScrews 688 ZZ listing (8 x 16 x 5 mm, double metal shield, chrome steel; D-012)",4,each,Selected supplier listing; maker/load rating/drawing unspecified,https://onlyscrews.in/products/688-zz-deep-groove-ball-bearing-8x16x5,CANDIDATE,Receive four bearings; verify markings/dimensions and manufacturer load data; printed bore/stub-fit coupons and 100 N retention test,OnlyScrews BB688ZZ; https://onlyscrews.in/products/688-zz-deep-groove-ball-bearing-8x16x5 ; INR22/page shows In stock and enabled Add to cart 2026-09-30,SUPPLIER_CHECKED 2026-09-30; NOT_ORDERED,
CH-016,chassis,nose,Ball caster,Pololu 2691 with 25.4 mm plastic ball and plastic rollers (not 2692),1,each,Selected by builder: Pololu #2691 plastic rollers,https://www.pololu.com/product/2691/specs,SELECTED,Measure received flange and hole pattern and load-test printed mount,"MG Super Labs India (https://www.mgsuperlabs.co.in/estore/Pololu-Ball-Caster-with-1-Plastic-Ball): #2691 listed at INR 399 incl. GST, 5 in stock on 2026-09-30; lead to verify, not ordered. Not FabToLab: its listing is the 1/2-inch #952",SUPPLIER_CHECKED 2026-09-30; not ordered; page reports 5 in stock,
CH-017,chassis,drive,Motor driver carrier,"Adafruit #3297 DRV8833 breakout; two boards, one per motor, both bridges paralleled within each board",2,each,Selected by builder 2026-09-30,https://www.adafruit.com/product/3297,SELECTED,"Verify actual motor current, intentional limits, bridge current sharing, board temperature, launch/stall and braking/transient behavior",Adafruit product #3297 https://www.adafruit.com/product/3297 ; quantity two; purchase/receipt not reported,USER SELECTED; NOT ORDERED/RECEIVED,
CH-018,chassis,sensing,Front range sensor,"Sharp GP2Y0A21YK0F 10-80 cm analog IR distance sensor; both mounting ears trimmed to the 29.5 mm body and J10-8 wires soldered to the S3B-PH pins at assembly (D-027)",1,each,Selected by builder 2026-09-30; reports Robocraze stock and no alternate possible,https://robocraze.com/products/robocraze-sharp-gp2y0a21yk0f-distance-sensor,SELECTED,Measure received fit against the vendor STEP (D-027) and check ear trim/soldered-lead strain relief; calibrate range and update timing; revise and demonstrate stop-path timing/stopping distance (38.3 ± 9.6 ms cycle exceeds current 50 ms budget with scan/control delays),Robocraze listing https://robocraze.com/products/robocraze-sharp-gp2y0a21yk0f-distance-sensor ; builder reports in stock 2026-09-30,USER REPORTS IN STOCK; NOT ORDERED/RECEIVED,
CH-019,chassis,sensing,Nose contact sensor,"TI DRV5055A3QDBZR bare linear Hall IC, SOT-23-3, 3.3 V, 15 mV/mT typical; trip threshold for selected Ø3 x 1.5 mm magnet is uncalibrated; +12 mT is bench starting point only (D-013/D-019)",1,each,Selected Hall IC (D-013); Indian listing found 2026-10-01,https://www.ti.com/lit/ds/symlink/drv5055.pdf,SELECTED,"Build/bench circuit, verify magnetic polarity and field/travel curve with selected magnet; set trip/release thresholds; validate startup and open/short faults","Evelta exact part listing https://evelta.com/drv5055a3qdbzr-ratiometric-linear-hall-effect-sensor-with-analog-output-sot-23-3/ ; page showed 33 in stock, ₹37.81 incl GST, ships within 24 hours at lookup; listing status can change",AVAILABLE LISTING FOUND; NOT ORDERED/RECEIVED,
CH-020,chassis,sensing,Rear TCRT sensor and lead,"Vishay TCRT5000 bare sensor (standard 3.5 mm leads) soldered to a JST GH 4-way pre-crimped single-ended AWG28 cable, 350 mm, under heat-shrink; plugs into C3 J10-10; no board in the keel; LED resistor, LED switch and load resistor on PCB-10 (D-016/D-021)",1,assembly,Selected sensor: Vishay TCRT5000 bare four-lead component (D-021); tracking-module boards excluded,01-chassis/v1/rear-tcrt-lead.md,SELECTED,Bare sensor/lead sleeve fit; bench floor/cliff and motors-running noise/fault checks; PCB-10 not required for discrete bench circuit,Robocraze listing https://robocraze.com/products/tcrt5000-ir-sensor is a bare-sensor pack candidate; Vishay manufacturer provenance of supplied units remains to be verified; Robu TCRT5000 module SKU 699619 is not compatible with the designed keel interface,UNVERIFIED,
CH-021,chassis,sensing,Base IMU PCB-07,16 x 20 mm board with ICM-42688-P and GH8,1,assembly,Proposed custom PCB,../02-prototypes/RP-06-cad/peripheral-selection.md,HOLD,Final runtime sensor/interface/mount unresolved; MPU6050 bench candidate requires I²C wiring/firmware and measured adapter; mounted vibration validation,Budget bench candidate Robokits RKI-1272 MPU6050 https://robokits.co.in/sensors/accelerometer-and-magnetometer/triple-axis-accelerometer-gyro-mpu-6050-breakout ; page body INR173 In stock 2026-09-30; I²C board not drop-in to SPI custom PCB,UNVERIFIED,
CH-022,electrical,battery,18650 cell,"Samsung INR18650-25R flat-top 2500 mAh 3.6 V cell, 20 A continuous; two form 2S1P, 7.2 V nominal, 8.4 V full, 18 Wh",2,each,Finalized by builder 2026-09-30: Samsung INR18650-25R,../02-prototypes/RP-06-cad/body-chassis/layout-02/README.md,SELECTED,Authenticity/capacity; pack construction holding the modeled 1.1 mm cell gap (19.5 mm pitch; D-026); selected cells do not establish protected pack readiness,Verified Samsung cell distributor,NOT_ORDERED; builder reports availability; supplier not identified,
CH-023,electrical,battery,Pack protection PCB-01,"Robocraze TIFPS0629 balanced 2S lithium pack protection module; 48 x 20 mm listing, height unverified",1,assembly,Selected by builder; intends to buy 2026-09-30,https://robocraze.com/products/2-string-20a-lithium-battery-protection-module-balanced-version,SELECTED,"Measure full envelope including components; verify chemistry, 2S cell-level OV/UV, balancing, overcurrent/short, temperature if present, reset behavior, continuous/peak limits, wiring and regenerative transient compatibility; not required for regulated supply tests with cells disconnected",Robocraze TIFPS0629 https://robocraze.com/products/2-string-20a-lithium-battery-protection-module-balanced-version ; user intends to buy; listing footprint 48 x 20 mm only,USER INTENDS TO BUY; NOT ORDERED/RECEIVED,
CH-024,electrical,battery,Resettable thermal/current breaker,Bourns AC72ABD in series with cell interconnect; nominal 72 C trip,1,each,Working choice,https://bourns.com/docs/product-datasheets/ac.pdf,HOLD,Pack thermal coupling/reset/leakage and cutoff tolerance; current datasheet: 9 V / 35 A / 1000 cycles; 5 V / 60 A breaking / 100 cycles; not bench-supply prerequisite,DigiKey AC72ABD https://www.digikey.com/en/products/detail/bourns-inc/AC72ABD/8620072 ; stock returned 2026-09-30; India shipping/landed price unverified,UNVERIFIED,
CH-025,electrical,battery,Pack NTC thermistor,SEMITEC 103AT-2 10 kOhm temperature sensor on cell surface to charger TS input,1,each,Working choice,https://www.semitec.co.jp/products/thermistor_at/,HOLD,Specify inline disconnect and mount,TBD,UNVERIFIED,
CH-026,electrical,battery,Pack build consumables,"Cell interconnect straps, electrical insulation, heat-shrink sleeve, and AWG16 power leads",1,lot,Unspecified,01-chassis/v1/cad/body_chassis_model.py,HOLD,Pack fabrication specification,TBD,UNVERIFIED,
CH-027,electrical,power,Pack disconnect,Molex Micro-Fit+ 1x2 mated wire-to-wire pair with terminals,1,pair,Working family,../02-prototypes/RP-06-cad/connector-schedule.md,HOLD,Select exact housings and terminals and prove service path,Molex distributor,UNVERIFIED,
CH-028,electrical,power,Main fuse holder,"Littelfuse 0FHA0001ZXJ inline ATO holder, 16 AWG leads, 20 A at 32 VDC, about 30 x 10 x 26 mm with the fuse; on a printed bracket on the front deck above the +Y channel (D-032)",1,each,Candidate,Littelfuse inline ATO holder catalog page (0FHA0001ZXJ); ../../decisions.md#d-032,HOLD,India source; received body dimensions against the CAD envelope; 16 AWG leads for the 15 A fuse; bracket print and tie retention,No India source identified yet; Robu 178.6165.0001 is PCB-mount and no longer fits the design,UNVERIFIED,
CH-029,electrical,power,Main fuse,15 A Littelfuse ATOF 0287015.L candidate; pack feed between disconnect and PCB-02,1,each,15A historical full-system candidate;5 A 0287005.PXCN chassis-test evaluation alternative,https://www.littelfuse.com/assetdocs/littelfuse-datasheet-287-atof?assetguid=43dcdce8-8ca2-426f-8998-7e566f048d40,HOLD,Recalculate measured chassis/full-system current and fuse/wire/BMS coordination;5A not final 15 A replacement; overall fuse height 18.8 mm including blades,5A candidate element14 https://in.element14.com/littelfuse/0287005-pxcn/automotive-fuse-5a-32v/dp/2137127 ; INR36.22min5stock returned 2026-09-30,UNVERIFIED,
CH-030,chassis,hardware,Motor face screw,"ISO 7380 M3 x 6 hex-socket button head (Ø5.7 x 1.65 head, 2 mm key) in the Ø6.5 x 2.2 counterbores, head 0.55 mm below the plate face; 2.8 mm clamp + 3.2 mm thread; Loctite 222 (D-007, D-030; was DIN 7984 low head)",4,each,Standard stocked button head (D-030),01-chassis/v1/cad/body_chassis_model.py,CANDIDATE,"Verify received motor face pattern, tapped depth and engagement; head seats on the counterbore floor (check_frame_fasteners.py)","OnlyScrews M3x6 SS304 button head, same listing as CH-056: https://onlyscrews.in/products/hex-allen-button-head-m3-x-6-screw-pack-of-20",NOT_ORDERED; source family as CH-056; DIN 7984 dropped by D-030 (no exact source found),
CH-031,chassis,hardware,Ball caster mounting screw,"ISO 7380 M3 x 8 button head, driven from below through the vendor 2.7 mm web into CH-063 (5.3 mm engagement) (D-011)",3,each,Standard part (D-011),01-chassis/v1/cad/body_chassis_model.py,CANDIDATE,Confirm counterbore and web on the received caster,OnlyScrews https://onlyscrews.in/products/hex-allen-button-head-m3-x-8-screw-pack-of-20; M3x8 SS304 button; INR2; head envelope must match; reviewed 2026-09-30,SUPPLIER_CHECKED 2026-09-30; NOT_ORDERED,
CH-032,chassis,hardware,Ball pod to crossmember screw,ISO 7380 M3 x 8 button head: 3 mm pod wall + 5 mm in CH-033 (D-011),2,each,Standard part (D-011),01-chassis/v1/cad/body_chassis_model.py,CANDIDATE,Driver access with sensor out,OnlyScrews https://onlyscrews.in/products/hex-allen-button-head-m3-x-8-screw-pack-of-20; M3x8 SS304 button; INR2; head envelope must match; reviewed 2026-09-30,SUPPLIER_CHECKED 2026-09-30; NOT_ORDERED,
CH-033,chassis,hardware,Front crossmember heat-set insert for ball pod,"CNC Kitchen M3 x 5.7 standard; Ø4.0 hole, Ø4.6 knurl (D-011)",2,each,Selected (D-011),https://cnckitchen.store/products/heat-set-insert-m3-x-5-7-100-pieces,CANDIDATE,Pull-out coupon in the crossmember material,Conditional imported exact-envelope candidate: Desertcart India M3x5.7x4.6 heat-set inserts (50-pack variant): https://www.desertcart.in/products/803139934-m3-threaded-inserts-with-m2-m8-heat-set-insert-tools ; verify selected variant/knurl/lead-in and coupon against Ø4.0 x 5.7 receiver,"NOT_ORDERED; non-CNC Kitchen source; nominal envelope match only, vendor tolerance/material unverified; buy sample/verify actual insert and pull-out before release",
CH-034,chassis,hardware,Rear keel mounting screw,"ISO 4762 M3 x 30 socket head into CH-067 inserts: 5.5 mm (front pair) and 5.7 mm (rear pair) engagement, limited by the 5.7 mm insert; heads in O6.5 counterbores, drivable from below with the keel on (D-014)",4,each,Modeled (D-014),01-chassis/v1/cad/body_chassis_model.py,CANDIDATE,Engagement and strip torque on the printed crossmember,OnlyScrews https://onlyscrews.in/products/m3-x-30mm-hex-allen-socket-head-ss-304-screw-dia-3mm-length-30mm; M3x30 DIN912; INR6; verify ISO4762 joint envelope; reviewed 2026-09-30,SUPPLIER_CHECKED 2026-09-30; NOT_ORDERED,
CH-035,chassis,hardware,Body to chassis through bolt,"M4 x 12 mm ISO 7380-style button-head through bolt; current modeled stack is 4 mm body foot + 4 mm deck + 3.2 mm plain nut, leaving nominal 0.8 mm thread protrusion; no washer modeled",4,each,M4 x 12 button head and accessible plain M4 hex nut; length derived from current modeled J13 stack; D-022,01-chassis/v1/cad/body_chassis_model.py,CANDIDATE,"Verify received head envelope/tool access, actual body-foot/deck stack, nut engagement/protrusion and pin alignment; no washers included in the selected stack",Builder reports OnlyScrews M4 x 12 mm SS304 hex-socket button-head screw is available: https://onlyscrews.in/products/hex-allen-button-head-m4-x-12-screw-pack-of-20,"NOT_ORDERED; availability reported by builder 2026-09-30; verify received head/stack, grade and nut engagement",
CH-036,chassis,hardware,Body to chassis nut,M4 nut,4,each,"Accessible plain M4 hex nut chosen for J13 (not a Nyloc; held from below through rail socket path), D-022",01-chassis/v1/cad/body_chassis_model.py,CANDIDATE,Measure nut thickness/AF; slim-socket access; full engagement with 0.8 mm projection; Loctite 222 (CH-057) on the nut thread is the J13 locking method (D-030); no washer,"OnlyScrews M4 SS304 plain hex nut, SKU HNM4: https://onlyscrews.in/products/m4-nut-ss-304 ; listed ₹1.20 at 2026-09-30 review; Nyloc is not a drop-in for this accessible plain-nut stack",NOT_ORDERED; measure nut and verify access/engagement,
CH-037,chassis,hardware,Body locating pin,4 mm diameter by 8 mm modeled,2,each,OnlyScrews hardened Ø4 x 8 mm dowel pin (nominal match); fit/retention to be qualified,01-chassis/v1/cad/body_chassis_model.py,CANDIDATE,Measure pin diameter/tolerance; coupon the Ø4.1 locating holes and verify body lift-off/repeatability and retention,"OnlyScrews hardened Ø4 x 8 mm alloy-steel dowel pin, SKU HDPM408: https://onlyscrews.in/products/m4-x-8mm-hard-dowel-pins-dia-4mm-length-8mm ; nominal size match",NOT_ORDERED; exact nominal source located; pin tolerance/fit/retention remain open,
CH-038,chassis,hardware,Ballast mounting screw,"M3 x 12 mm Phillips countersunk screw, mild steel, black oxide; CAD models ISO 7046-1 head (90 deg, O6.3 theoretical, k 1.65) in a 90 deg O6.5 deck countersink, 8.1 mm engagement in a 9 mm tapped hole, 0.9 mm tip clearance (D-026)",2,each,M3 x 12 CSK length derived from modeled 4 mm deck + 8 mm engagement; head seat and hole depth modeled under D-026; builder reports OnlyScrews item available,01-chassis/v1/cad/body_chassis_model.py,CANDIDATE,"Check delivered head angle/diameter against deck seat; verify actual thread engagement, tip clearance in 8 mm tapped bar and tool access; torque/vibration test","OnlyScrews M3 x 12 Phillips CSK mild steel black oxide, Rs 1.20 (found 2026-10-01; matches the builder's report): https://onlyscrews.in/products/m3-x-12mm-phillips-countersunk-csk-mild-steel-black-oxide-screw-dia-3mm-length-12mm ; SS304 alternative https://onlyscrews.in/products/phillips-csk-m3-x-12mm-pack-of-20",NOT_ORDERED; exact listing identified 2026-10-01; confirm head angle/diameter on receipt,
CH-039,chassis,hardware,IMU mounting screw,M2 x 5 thread-forming,2,each,"M2 x 5 mm plastic thread-forming screw, pan/rounded head; JCPlas B4B66 family preferred pending sample and PETG pilot test",01-chassis/v1/cad/body_chassis_model.py,CANDIDATE,"Obtain M2x5 sample/datasheet and confirm thread form, head footprint, PETG pilot diameter, engagement and repeated-service strip resistance; current Ø1.6 pilot is not approved without this check","OnlyScrews lists M2x5 machine screws but not plastic thread-formers; India alternate: J C Gupta & Sons JCPlas pan Phillips SS304 B4B66, M2 lengths include 5 mm per size chart: https://www.jcfasteners.com/products/plastite-screws/ ; obtain quote and pilot recommendation",NOT_ORDERED; India maker enquiry/size and PETG pilot qualification required,
CH-040,electrical,harness,Full-system wiring set,Full-system scheduled links (not a defined bench harness),1,set,Working schedule,../02-prototypes/RP-06-cad/connector-schedule.md,HOLD,Define separate minimum rolling-test harness or freeze full-system lengths and terminals,TBD,UNVERIFIED,
CH-041,electrical,shared,Charge and system power PCB-02,Custom full-system board; excluded from chassis-v1 filtered STEP,1,assembly,Proposed custom PCB,../02-prototypes/RP-02-electrical/board-specs.md,HOLD,"Design and bench validate for full integration; full-system integration only, not prerequisite for regulated bench chassis tests",TBD,UNVERIFIED,
CH-042,electrical,shared,Motor gate and distribution PCB-03,Custom full-system board; excluded from chassis-v1 filtered STEP,1,assembly,Proposed custom PCB,../02-prototypes/RP-02-electrical/board-specs.md,HOLD,"Design and bench validate for full integration; full-system integration only, not prerequisite for regulated bench chassis tests",TBD,UNVERIFIED,
CH-043,electrical,shared,Branch converter PCB-04,Custom full-system board; excluded from chassis-v1 filtered STEP,1,assembly,Proposed custom PCB,../02-prototypes/RP-02-electrical/board-specs.md,HOLD,"Design and bench validate for full integration; full-system integration only, not prerequisite for regulated bench chassis tests",TBD,UNVERIFIED,
CH-044,electrical,shared,C3 carrier PCB-10,Custom full-system controller carrier; excluded from chassis-v1 filtered STEP,1,assembly,Proposed custom PCB,../02-prototypes/RP-06-cad/connector-schedule.md,HOLD,"Freeze pin map and board layout for full integration; full-system integration only, not prerequisite for regulated bench chassis tests",TBD,UNVERIFIED,
CH-045,electrical,shared,C3 controller,ESP32-S3-DevKitC-1-N8,1,each,Working choice,../02-prototypes/RP-06-cad/body-chassis/layout-02/india-availability.md,CANDIDATE,Confirm revision and carrier fit,Espressif distributor,UNVERIFIED,
CH-046,electrical,shared,Emergency stop,IDEC XA1E-BV3U02KT-R,1,each,Working choice,../02-prototypes/RP-02-electrical/board-specs.md,CANDIDATE,Verify panel mount and NC circuits,IDEC distributor,UNVERIFIED,
CH-047,electrical,shared,C3 carrier mounting hardware,M2.5 screws and inserts for two printed uprights,4,set,Modeled screw count,../02-prototypes/RP-06-cad/connector-schedule.md,HOLD,"Set screw insert and upright design; full-system integration only, not prerequisite for regulated bench chassis tests",TBD,UNVERIFIED,
CH-048,chassis,hardware,Tyre clamp ring screw,ISO 7380 M3 x 8 button head,12,each,Standard part,01-chassis/v1/cad/wheel/wheel_model.py,CANDIDATE,Clamp torque in the rim print coupon,OnlyScrews https://onlyscrews.in/products/hex-allen-button-head-m3-x-8-screw-pack-of-20; M3x8 SS304 button; INR2; head envelope must match; reviewed 2026-09-30,SUPPLIER_CHECKED 2026-09-30; NOT_ORDERED,
CH-049,chassis,hardware,Rim heat-set insert,M3 brass insert about 4 mm long in a 4.0 mm hole,12,each,Standard part,01-chassis/v1/cad/wheel/wheel_model.py,CANDIDATE,Insert pull-out in the rim print coupon,OnlyScrews https://onlyscrews.in/products/m3-x-4mm-3d-printing-brass-threaded-inserts-dia-3mm-length-4mm; M3x4 slant insert OD4.4 INR4.40; coupon candidate; reviewed 2026-09-30,SUPPLIER_CHECKED 2026-09-30; NOT_ORDERED,
CH-051,chassis,axle,Bearing housing,"PETG print, axle vertical; Ø32 x 12.35 mm, 688 ZZ bore Ø16 (coupon-tuned), outer-ring shoulder, set-screw slot, face-screw key slots, 4 x Ø3.4 at R 12 (D-012)",2,each,Custom print (D-012),01-chassis/v1/cad/body_chassis_model.py,DESIGN,Bore-fit coupon; print orientation; stiffness on the axle rig,3D lab,UNVERIFIED,
CH-052,chassis,axle,Bearing retaining cap,"1.2 mm aluminium annulus, ID Ø12.5 OD Ø32, 4 x Ø3.4 at R 12 and 2 x Ø2.6 key holes (D-007)",2,each,Custom laser-cut or hand-made (D-007),01-chassis/v1/cad/body_chassis_model.py,DESIGN,Outer-ring clamp without touching the shields,TBD,UNVERIFIED,
CH-053,chassis,hardware,Bearing housing and cap screw,ISO 7380 M3 x 18 button head; through cap and housing into plate inserts (D-007),8,each,"M3 x 18 mm button-head hex screw; UAVstore exact nominal-size pack is the next domestic source candidate, with head-standard confirmation on sample",01-chassis/v1/cad/body_chassis_model.py,CANDIDATE,"Measure head diameter/height and verify 18 mm engagement, insert depth, cap clamp and tip clearance before axle-stack release","OnlyScrews has M3x16 and M3x20, neither drop-in; UAVstore India M3 button-head pack offers selectable M3x18, 10 pcs, listing ₹138/in stock: https://www.uavstore.in/m3-button-head-screws-pack-10pcs-bag/ ; listing says grade 12.9 but does not certify ISO7380/material; inspect sample",NOT_ORDERED; exact nominal length/head family listed; standard/material and fit qualification pending,
CH-054,chassis,hardware,Motor plate heat-set insert,M3 x 4 mm short brass insert in a 4.0 mm hole at R 12 (D-007),8,each,Standard part (D-007),01-chassis/v1/cad/body_chassis_model.py,CANDIDATE,Pull-out on the plate coupon,OnlyScrews https://onlyscrews.in/products/m3-x-4mm-3d-printing-brass-threaded-inserts-dia-3mm-length-4mm; M3x4 slant insert OD4.4 INR4.40; coupon candidate; reviewed 2026-09-30,SUPPLIER_CHECKED 2026-09-30; NOT_ORDERED,
CH-055,chassis,hardware,Stub set screw,"ISO 4029 / DIN 916 M3 x 3 cup point SS304, faced down 0.5 mm at the hex end to 2.5 mm so it sits flush with the Ø8 stub; on the motor D-flat; Loctite 222 (D-007, D-030)",2,each,Builder approved 2026-10-01 (D-030): stocked M3 x 3 faced to 2.5; an unmodified M3 x 3 sweeps only 1.07 mm past the face-screw heads,01-chassis/v1/cad/body_chassis_model.py,CANDIDATE,Face to 2.5 +0/-0.1 mm with the cup intact and the hex deep enough for the 1.5 mm key; cup seats on the received motor flat; flush with the Ø8; swept clearance >= 1.5 mm (check_frame_fasteners.py); no mark shift after 200 reversals,"OnlyScrews M3 x 3 SS304 grub screw, cup point, Rs 1.00: https://onlyscrews.in/products/m3-x-3mm-grub-screw-ss304-dia-3mm-length-3mm ; builder reports OnlyScrews items generally in stock (2026-10-01)",NOT_ORDERED,
CH-056,chassis,hardware,Wheel-to-stub screw,"ISO 7380 M3 x 6 button head, web into the stub flange (D-007)",6,each,Standard part (D-007),01-chassis/v1/cad/body_chassis_model.py,CANDIDATE,Web clamp and full flange thread; runout,OnlyScrews https://onlyscrews.in/products/hex-allen-button-head-m3-x-6-screw-pack-of-20; M3x6 SS304 button INR1.80; verify head/tip fit; reviewed 2026-09-30,SUPPLIER_CHECKED 2026-09-30; NOT_ORDERED,
CH-057,chassis,consumable,Threadlocker and retaining compound,"Loctite 222 (screws, set screws and the J13 M4 nuts) and Loctite 641 (bearing inner rings)",1,lot,Standard consumable (D-007),01-chassis/v1/axle-stack.md,CANDIDATE,Outward-thrust hold test on the axle rig; J13 nuts stay put through the body vibration test,"OnlyScrews Loctite 222 listing remains for screw threads; exact Loctite 641 found at Industrybuying, 50 mL, ₹1,084 incl. GST, page says ships within 6 days: https://www.industrybuying.com/retaining-compounds-loctite-AD.ST3.375582 ",NOT_ORDERED; supplier listing/dispatch subject to checkout; retain distinct 222 threadlocker and 641 bearing retaining uses,
CH-058,chassis,wheels,Wheel hub cap,"Dark PETG hex cap 26 mm AF, 3 mm proud with a faceted 16 mm boss; covers the three CH-056 wheel screws (D-008); one central CH-059 screw in a Ø6.2 counterbore and two Ø1.8 clocking pegs into the hub (D-033)",2,each,Custom CAD,01-chassis/v1/cad/wheel/wheel_model.py,DESIGN,Print fit on the hub; recess clears the M3 heads; peg-hole fit coupon; cap stays put under vibration and reversals with one screw,TBD,UNVERIFIED,
CH-059,chassis,hardware,Hub cap screw,"ISO 7380 M3 x 10 hex-socket button head, central, through the cap into the M3 hole tapped in the CH-012 spigot end; 6.9 mm thread, head 0.25 mm under the boss top (D-033; replaces 12 x M2 x 6 thread-forming)",2,each,Standard stocked button head (D-033),01-chassis/v1/cad/wheel/wheel_model.py,CANDIDATE,Engagement in the turned stub; head seat in the cap counterbore; cap retention test,"OnlyScrews M3x10 SS304 button head, as the former CH-075 listing: https://onlyscrews.in/products/hex-allen-button-head-m3-x-10-screw-pack-of-20",NOT_ORDERED,
CH-060,chassis,hardware,J04 carrier-to-rail screw,"ISO 7380 M3 x 8 hex-socket button head; four per side carrier, Ø5.7 head in a Ø5.9 x 2.1 cheek recess, 6 mm in the CH-061 insert (D-030; was DIN 7984 low head)",8,each,Standard stocked button head (D-030),01-chassis/v1/cad/body_chassis_model.py,CANDIDATE,Confirm the printed Ø5.9 recess takes the received head and the 2 mm key reaches it on the carrier coupon,"OnlyScrews M3x8 SS304 button head, same listing as CH-031: https://onlyscrews.in/products/hex-allen-button-head-m3-x-8-screw-pack-of-20",NOT_ORDERED; source family as CH-031; DIN 7984 dropped by D-030,
CH-061,chassis,hardware,J04 rail heat-set insert,"M3 short axial insert, nominal 6 mm long in Ø4.3 pilot at rail end",8,each,Standard part,01-chassis/v1/cad/body_chassis_model.py,CANDIDATE,Select insert SKU and pass 100 N axial pull-out coupon,"OnlyScrews M3x6 slant-knurled insert, OD4.4 x L6, SKU 3DPBIM3-6: https://onlyscrews.in/products/m3-x-6mm-3d-printing-brass-threaded-inserts-dia-3mm-length-6mm ; 4.3 mm pilot gives only 0.05 mm nominal radial interference; sample/pilot adjustment and 100 N pull-out coupon are required",NOT_ORDERED; exact nominal length available; pilot/OD fit qualification pending,
CH-062,chassis,hardware,Pod lid screw,"M2 x 8 countersunk thread-forming for plastics, into a Ø1.6 pilot in the pod boss (D-011)",1,each,M2 x 8 mm CSK plastic thread-forming screw; JCPlas B4B67 CSK family preferred pending sample and PETG pilot test,01-chassis/v1/cad/body_chassis_model.py,CANDIDATE,"Confirm M2x8 source variant/head diameter/countersink angle; test pilot, engagement, strip torque and repeat service in PETG; current Ø1.6 pilot is not approved without sample","OnlyScrews M2x8 machine CSK is not thread-forming for plastics; India maker candidate J C Gupta & Sons JCPlas CSK Phillips SS304 B4B67: https://www.jcfasteners.com/products/plastite-screws/ ; request M2x8 datasheet, quote and PETG pilot recommendation",NOT_ORDERED; obtain sample and manufacturer pilot recommendation,
CH-063,chassis,hardware,Pod seat heat-set insert for caster,"CNC Kitchen M3 x 5.7 standard, pressed from the seat face; Ø4.0 hole, Ø4.6 knurl (D-011)",3,each,Selected (D-011),https://cnckitchen.store/products/heat-set-insert-m3-x-5-7-100-pieces,CANDIDATE,Pull-out coupon in the pod seat,Conditional imported exact-envelope candidate: Desertcart India M3x5.7x4.6 heat-set inserts (50-pack variant): https://www.desertcart.in/products/803139934-m3-threaded-inserts-with-m2-m8-heat-set-insert-tools ; verify selected variant/knurl/lead-in and coupon against Ø4.0 x 5.7 receiver,"NOT_ORDERED; non-CNC Kitchen source; nominal envelope match only, vendor tolerance/material unverified; sample/fit/pull-out qualification required",
CH-064,chassis,sensing,Nose Hall board,"6.0 x 4.6 x 0.8 mm 2-layer FR4: CH-019, 100 nF decoupling, 1 kΩ/100 nF output filter, three wire pads; stands in a slot in the pod seat (D-013)",1,each,Custom carrier required for final nose installation (D-013); bench adapter is for circuit proof only,01-chassis/v1/nose-hall-board.md,DESIGN,PCB layout/fabrication pending; correct pose/airgap; measured cap trip and startup/wire-break fault handling,TBD,UNVERIFIED,
CH-065,chassis,sensing,Nose cap magnet,"NdFeB N35 disc Ø3 x 1.5 mm, magnetised through thickness; polarity to verify on bench (D-013)",1,each,Selected by builder 2026-09-30,01-chassis/v1/nose-hall-board.md,SELECTED,"Update cap pocket to Ø3.06 x 1.5 mm; confirm wall, polarity and measured contact trip against displacement; calibrate startup and faults",Builder reports Ø3 x 1.5 mm is the only available choice; source/order not reported,SELECTED; NOT ORDERED/RECEIVED,
CH-066,chassis,nose,Nose cap return spring,"RS PRO 821245 stainless compression spring, OD 2.75 mm, wire 0.25 mm, free length 15.7 mm, rate 0.18 N/mm; 10-pack; current 9/6 mm installed gaps imply 2.41 N pair preload / 3.49 N stop force",2,each,Selected by builder for purchase from Industrybuying 2026-09-30; ordered/received status not reported,01-chassis/v1/nose-hall-board.md,SELECTED,"Measure received spring rate, working length, actual OD/length and minimum length; at current geometry test 2.41 N pair rest preload, ~2.67 N at nominal Hall trip and 3.49 N at stop; prove guided return/no buckling, cap force, hooks and 3 mm travel before release","Industrybuying RS PRO 821245 https://www.industrybuying.com/compression-spring-rs-pro-OFF.STO.223805403 ; pack10 listed ₹518 incl GST, ship estimate shown; stock/dispatch to postcode not independently confirmed",USER SELECTED; GETTING FROM INDUSTRYBUYING; ORDER/RECEIPT NOT CONFIRMED,
CH-067,chassis,hardware,Rear crossmember heat-set insert for keel,"CNC Kitchen M3 x 5.7 standard, pressed from below at X -36.5 / -44.0, Y ±5.5; O4.0 x 6.5 hole, 1.7 mm minimum wall to the crossmember rear face (D-014)",4,each,Selected (D-014),https://cnckitchen.store/products/heat-set-insert-m3-x-5-7-100-pieces,CANDIDATE,Pull-out coupon in the crossmember material,Conditional imported exact-envelope candidate: Desertcart India M3x5.7x4.6 heat-set inserts (50-pack variant): https://www.desertcart.in/products/803139934-m3-threaded-inserts-with-m2-m8-heat-set-insert-tools ; verify selected variant/knurl/lead-in and coupon against Ø4.0 x 6.5 receiver and 1.7 mm wall,"NOT_ORDERED; non-CNC Kitchen source; nominal envelope match only, vendor tolerance/material unverified; sample/fit/pull-out qualification required",
CH-068,chassis,rear,TCRT height shim,"Printed 1.0 mm plate, bezel outline with the sensor window and two O2.2 holes; two fitted set the optical face at Z 10, zero to four give Z 12 to 8 (J09, D-014)",2,each,Custom CAD (D-014),01-chassis/v1/cad/body_chassis_model.py,DESIGN,Print flat; thickness within ±0.05 mm; print two more for the lowest settings,TBD,UNVERIFIED,
CH-069,chassis,hardware,TCRT bezel screw,"ISO 7380-style M2 x 10 thread-forming for plastics, through the bezel and shims into a O1.6 pilot in the keel (D-014)",1,each,"M2 x 10 mm plastic thread-forming pan/rounded-head screw (rather than machine thread); JCPlas B4B66 family preferred, subject to head-seat confirmation",01-chassis/v1/cad/body_chassis_model.py,CANDIDATE,"Verify head footprint/height under bezel and through shim stack; source M2x10 form/pilot recommendation; check minimum/maximum shim engagement, PETG strip resistance and service cycles",OnlyScrews has no plastic thread-former; J C Gupta & Sons JCPlas pan Phillips SS304 B4B66 family lists M2x10 in size chart: https://www.jcfasteners.com/products/plastite-screws/ ; request exact product datasheet/quote; no generic machine-screw substitution,NOT_ORDERED; head/pilot/engagement require source sample and physical fit,
CH-070,chassis,hardware,Wear shoe retaining screw,"M2 x 6 thread-forming button head across the shoe tongue from the keel +Y side; clearance in the keel, threads in the shoe (D-014)",1,each,M2 x 6 mm plastic thread-forming pan/rounded-head screw; JCPlas B4B66 family preferred pending sample and shoe-material fit test,01-chassis/v1/cad/body_chassis_model.py,CANDIDATE,"Verify the screw head clears the keel-side access, threads in the selected shoe material, and retains the dovetail through pull/abrasion cycles; confirm pilot and screw length on sample",OnlyScrews has no plastic thread-former; J C Gupta & Sons JCPlas pan Phillips SS304 B4B66 family lists M2x6: https://www.jcfasteners.com/products/plastite-screws/ ; request datasheet/quote; change from the unverified button-head machine-screw assumption only after head envelope check,NOT_ORDERED; source family/size candidate; head and retention qualification pending,
CH-071,chassis,hardware,TCRT breakout screw,Dropped by D-015: no screwed board in the keel (D-016 removes the board),0,each,Modeled (D-014),01-chassis/v1/cad/body_chassis_model.py,DROPPED,None,TBD,UNVERIFIED,
CH-072,chassis,harness,J10-10 strain-relief tie,2.5 mm nylon zip tie through the rear-crossmember lug at the foot of the TCRT cable riser (D-014),1,each,Modeled (D-014),01-chassis/v1/cad/body_chassis_model.py,CANDIDATE,Tie holds the cable with the 30 mm service loop free,"OnlyScrews 2.5x100 mm nylon tie listing remains unavailable; exact India alternatives: Probots 100x2.5 mm nylon white tie, ₹4.66 + GST, in stock/Add to Cart https://probots.co.in/100mm-length-2-5mm-width-nylon-cable-tie-tag-white.html ; or RoboComp 10-pack https://robocomp.in/product/100mm-nylon-cable-zip-ties-white/ ; verify actual strap passes and locks through modeled lug",NOT_ORDERED; exact nominal-size in-stock sources found; verify tie width/lock and strain relief on the real lug,
CH-076,chassis,hardware,J11A battery hatch screw,ISO 7380 M3 x 6 button head from below through the 1.5 mm hatch into the CH-077 boss insert; 4.5 mm thread (D-030),4,each,Standard part (D-030),01-chassis/v1/cad/body_chassis_model.py,CANDIDATE,Hatch plus strapped pack retained in inversion/shock; boss and insert intact after hatch cycles,"OnlyScrews M3x6 SS304 button, same listing as CH-056: https://onlyscrews.in/products/hex-allen-button-head-m3-x-6-screw-pack-of-20",NOT_ORDERED,
CH-077,chassis,hardware,M3 x 6 frame heat-set insert,"M3 x 6 brass heat-set insert, OD 4.4, in a Ø4.3 pilot, pressed up into the four J11A tub bosses; same article as CH-061 (D-030). The J05/J06 tongue and J16 rail-top inserts were removed by D-033",4,each,Standard part (D-030),01-chassis/v1/cad/body_chassis_model.py,CANDIDATE,100 N pull-out coupon; 7 mm tub bosses (1.35 mm walls) must not split,"OnlyScrews M3x6 slant-knurled insert OD4.4 x L6, SKU 3DPBIM3-6 (as CH-061): https://onlyscrews.in/products/m3-x-6mm-3d-printing-brass-threaded-inserts-dia-3mm-length-6mm",NOT_ORDERED; pilot fit qualification as CH-061,
CH-078,chassis,battery,J11B pack strap,"10 mm wide hook-and-loop one-wrap strap, about 1.2 mm thick, >= 150 mm long; loops under the hatch, up through two hatch slots and over the cell tops at |Y| 29, clear of the BMS (D-030)",2,each,Builder-selected restraint method 2026-10-01 (D-030),01-chassis/v1/cad/body_chassis_model.py,CANDIDATE,Pack stays put under inversion and shock without loading the BMS or cell-end straps; strap does not chafe on the slot edges; pack and hatch drop out together,TBD; OnlyScrews has no hook-and-loop strap (searched 2026-10-01). Any 10 mm one-wrap strap; check thickness <= 1.5 mm in the 1.8 mm pack-to-wall gaps,NOT_ORDERED; source open,
CH-079,chassis,battery,J11B cell-end foam pad,"1.5 mm closed-cell EVA or neoprene foam, adhesive-backed: two pads on the tub's Y-end walls (-Y: 36 x 17 mm; +Y: 13.5 x 17 mm, clear of the service window); isolate and centre the cell ends (D-030)",2,each,Builder-selected restraint method 2026-10-01 (D-030),01-chassis/v1/cad/body_chassis_model.py,CANDIDATE,Pads stay bonded; no hard contact between cell ends and tub; window and lead path clear,TBD; generic 1.5-2 mm closed-cell foam sheet,NOT_ORDERED; source open,
CH-080,chassis,hardware,J15B driver post insert,"M2.5 x 4 brass heat-set insert, OD 3.9, flush with the top of each Ø7 x 10 mm printed post on the front deck (D-030)",4,each,Standard part (D-030),01-chassis/v1/cad/body_chassis_model.py,CANDIDATE,Pull-out and strip on the post coupon,"OnlyScrews M2.5 x 4 brass insert, OD 3.9, Rs 2.00: https://onlyscrews.in/products/m2-5-x-4mm-brass-threaded-inserts",NOT_ORDERED,
CH-081,chassis,hardware,J15B driver screw,M2.5 x 6 low button/round head (modeled Ø4.7 x 1.5) through each #3297 plated Ø2.5 hole into CH-080; 4 mm thread (D-030),4,each,Standard part (D-030),01-chassis/v1/cad/body_chassis_model.py,CANDIDATE,Head clears the board's parts and the C3 carrier above; screw passes the plated hole,"OnlyScrews M2.5 x 6 Phillips round-head screw, Rs 4.60: https://onlyscrews.in/products/m2-5-x-6mm-phillips-round-head-laptop-screw ; confirm head diameter (modeled Ø4.7 x 1.5) before ordering",NOT_ORDERED,
CH-082,chassis,harness,J15B motor-lead strain-relief tie,"2.5 x 100 mm nylon zip tie through the deck tie bridge behind each driver; holds the motor leads so pull goes into the deck, not the terminal block (D-030)",2,each,Same article as CH-072 (D-030),01-chassis/v1/cad/body_chassis_model.py,CANDIDATE,Tug test: 20 N on the motor lead moves nothing at the terminal block,As CH-072: Probots 100x2.5 mm nylon tie https://probots.co.in/100mm-length-2-5mm-width-nylon-cable-tie-tag-white.html,NOT_ORDERED,
